{
  "project_info": {
    "project_number": "202255453134",
    "firebase_url": "https://festas-e-eventos-2dfb7.firebaseio.com",
    "project_id": "festas-e-eventos-2dfb7",
    "storage_bucket": "festas-e-eventos-2dfb7.appspot.com"
  },
  "client": [
    {
      "client_info": {
        "mobilesdk_app_id": "1:202255453134:android:bdf05d906cae9f6cf5b99f",
        "android_client_info": {
          "package_name": "com.example.festaseeventos"
        }
      },
      "oauth_client": [
        {
          "client_id": "202255453134-cvrn749huo53pmvpuja10gm4paj0eelg.apps.googleusercontent.com",
          "client_type": 1,
          "android_info": {
            "package_name": "com.example.festaseeventos",
            "certificate_hash": "7ada4560f501eca4f0beab25146c4076c867aa22"
          }
        },
        {
          "client_id": "202255453134-osq0phrji25rfi5hskgeh22cilmo4j6f.apps.googleusercontent.com",
          "client_type": 3
        }
      ],
      "api_key": [
        {
          "current_key": "AIzaSyAXoNA_DkK0ZMfemc_L6mdauGXnF52DzaE"
        }
      ],
      "services": {
        "appinvite_service": {
          "other_platform_oauth_client": [
            {
              "client_id": "202255453134-osq0phrji25rfi5hskgeh22cilmo4j6f.apps.googleusercontent.com",
              "client_type": 3
            }
          ]
        }
      }
    }
  ],
  "configuration_version": "1"
}